{"cameraMode":{"drawMode":0,"name":"Shaded","section":"Shading Mode"},"sceneLighting":false,"audioPlay":false,"sceneViewState":{"m_AlwaysRefresh":false,"showFog":true,"showSkybox":true,"showFlares":true,"showImageEffects":true,"showParticleSystems":true,"showVisualEffectGraphs":true,"m_FxEnabled":true},"in2DMode":false,"pivot":{"x":385.5205383300781,"y":230.68463134765626,"z":0.9036101698875427},"rotation":{"x":-0.013828488066792488,"y":-0.028131844475865365,"z":-0.00029039455694146454,"w":-0.9998174905776978},"size":293.4258728027344,"orthographic":true}