{"cameraMode":{"drawMode":0,"name":"Shaded","section":"Shading Mode"},"sceneLighting":false,"audioPlay":false,"sceneViewState":{"m_AlwaysRefresh":false,"showFog":true,"showSkybox":false,"showFlares":true,"showImageEffects":true,"showParticleSystems":true,"showVisualEffectGraphs":true,"m_FxEnabled":true},"in2DMode":false,"pivot":{"x":11.88744068145752,"y":3.9781007766723635,"z":-48.03550720214844},"rotation":{"x":0.013175053521990776,"y":0.9791635274887085,"z":-0.19156083464622498,"w":0.06709345430135727},"size":3.762657403945923,"orthographic":false}