{"cameraMode":{"drawMode":0,"name":"Shaded","section":"Shading Mode"},"sceneLighting":false,"audioPlay":false,"sceneViewState":{"m_AlwaysRefresh":false,"showFog":true,"showSkybox":false,"showFlares":true,"showImageEffects":true,"showParticleSystems":true,"showVisualEffectGraphs":true,"m_FxEnabled":true},"in2DMode":false,"pivot":{"x":0.0005578994750976563,"y":4.240176200866699,"z":0.27842187881469729},"rotation":{"x":-0.21618959307670594,"y":0.2764416038990021,"z":-0.06397436559200287,"w":-0.9342188835144043},"size":9.794472694396973,"orthographic":false}