{"cameraMode":{"drawMode":0,"name":"Shaded","section":"Shading Mode"},"sceneLighting":false,"audioPlay":false,"sceneViewState":{"m_AlwaysRefresh":false,"showFog":true,"showSkybox":false,"showFlares":true,"showImageEffects":true,"showParticleSystems":true,"showVisualEffectGraphs":true,"m_FxEnabled":true},"in2DMode":false,"pivot":{"x":0.9976882934570313,"y":2.1313259601593019,"z":1.0151441097259522},"rotation":{"x":-0.21873876452445985,"y":0.2718023359775543,"z":-0.06358842551708222,"w":-0.9350126385688782},"size":3.548959970474243,"orthographic":false}